horizon,model,RMSE,Rsquared,MAE,mtry,splitrule,min.node.size,Resample
1,rf_lag123_caret_cv,0.5943459171464627,0.7894185556223291,0.21700230572052115,1,variance,5,Fold1
1,rf_lag123_caret_cv,0.5995381647852688,0.7851859090377206,0.21084950140440104,2,variance,5,Fold1
1,rf_lag123_caret_cv,0.6031797718409975,0.7825259362641549,0.21065321045562097,3,variance,5,Fold1
1,rf_lag123_caret_cv,0.606312765946374,0.8454382863890325,0.24534881888253648,1,variance,5,Fold10
1,rf_lag123_caret_cv,0.61688333200660594,0.8396608749747841,0.24187240330180484,2,variance,5,Fold10
1,rf_lag123_caret_cv,0.6256273498295705,0.8350148017254037,0.24300062326606336,3,variance,5,Fold10
1,rf_lag123_caret_cv,0.6111045117021676,0.8017647014890296,0.23366504540115068,1,variance,5,Fold2
1,rf_lag123_caret_cv,0.6347379464305032,0.7836805479995722,0.2303996519491505,2,variance,5,Fold2
1,rf_lag123_caret_cv,0.6482633981182006,0.7737122969896582,0.2313826426815215,3,variance,5,Fold2
1,rf_lag123_caret_cv,0.5797155457761906,0.8283093567519076,0.22871855319872111,1,variance,5,Fold3
1,rf_lag123_caret_cv,0.5917364391790856,0.8189363843134474,0.2231878681175285,2,variance,5,Fold3
1,rf_lag123_caret_cv,0.6032478204964946,0.8111249900846806,0.22454502332177742,3,variance,5,Fold3
1,rf_lag123_caret_cv,0.5944129044805073,0.8608257164690971,0.2326881633676045,1,variance,5,Fold4
1,rf_lag123_caret_cv,0.6029329028859128,0.8544447195192486,0.22634498947689136,2,variance,5,Fold4
1,rf_lag123_caret_cv,0.6045971385212023,0.8529379449443819,0.2264160845279576,3,variance,5,Fold4
1,rf_lag123_caret_cv,0.6680436314342055,0.8224139513980534,0.2704532441259439,1,variance,5,Fold5
1,rf_lag123_caret_cv,0.6873086532838223,0.8106644212371815,0.26921982841129005,2,variance,5,Fold5
1,rf_lag123_caret_cv,0.6965344374127309,0.8054304156863926,0.2701245519523741,3,variance,5,Fold5
1,rf_lag123_caret_cv,0.6296394333142813,0.8307883364618318,0.26596371030295146,1,variance,5,Fold6
1,rf_lag123_caret_cv,0.6445775183953621,0.8218593394371125,0.26339561395669203,2,variance,5,Fold6
1,rf_lag123_caret_cv,0.6523188005846133,0.8174573513418879,0.2642110370305192,3,variance,5,Fold6
1,rf_lag123_caret_cv,0.5639971031586862,0.8661995921155131,0.23710363693196207,1,variance,5,Fold7
1,rf_lag123_caret_cv,0.5777390139044394,0.8586586387880581,0.23431917554688803,2,variance,5,Fold7
1,rf_lag123_caret_cv,0.5845873512463261,0.8551116203651364,0.23691204719246253,3,variance,5,Fold7
1,rf_lag123_caret_cv,0.5331179980645445,0.8735779760718219,0.2261730371074159,1,variance,5,Fold8
1,rf_lag123_caret_cv,0.543482254078386,0.8679464704619111,0.22043617525488335,2,variance,5,Fold8
1,rf_lag123_caret_cv,0.5482086502125623,0.8655443569854228,0.2204149481487798,3,variance,5,Fold8
1,rf_lag123_caret_cv,0.528185527768473,0.8807809696975505,0.2305836085933553,1,variance,5,Fold9
1,rf_lag123_caret_cv,0.53412147001136,0.8775612653000918,0.22514095760814834,2,variance,5,Fold9
1,rf_lag123_caret_cv,0.5414536870305023,0.8740194081476786,0.2258621899563154,3,variance,5,Fold9
2,rf_lag123_caret_cv,0.6375991742668456,0.7573246619163703,0.2316233225423686,1,variance,5,Fold1
2,rf_lag123_caret_cv,0.6375940127478411,0.7570139621418781,0.22178264166121245,2,variance,5,Fold1
2,rf_lag123_caret_cv,0.6463102667792869,0.750387855442326,0.22131951645931647,3,variance,5,Fold1
2,rf_lag123_caret_cv,0.6535522506441341,0.8202412247676659,0.26170039453547167,1,variance,5,Fold10
2,rf_lag123_caret_cv,0.6729965004387933,0.8090707009723322,0.25941697146381626,2,variance,5,Fold10
2,rf_lag123_caret_cv,0.6834248473843265,0.8031394751063674,0.26178651827556687,3,variance,5,Fold10
2,rf_lag123_caret_cv,0.6311839137292249,0.7877361760971116,0.2431029130935398,1,variance,5,Fold2
2,rf_lag123_caret_cv,0.6438552959805683,0.7771580928843526,0.23764392804386894,2,variance,5,Fold2
2,rf_lag123_caret_cv,0.6564933211439073,0.7675498040054398,0.23914274009460892,3,variance,5,Fold2
2,rf_lag123_caret_cv,0.6152075153466425,0.8071863513059411,0.24213177612147843,1,variance,5,Fold3
2,rf_lag123_caret_cv,0.6254313762720357,0.7981244288156112,0.23734440902283155,2,variance,5,Fold3
2,rf_lag123_caret_cv,0.6344991548530092,0.7909452913596635,0.2375493774232664,3,variance,5,Fold3
2,rf_lag123_caret_cv,0.6469079097807451,0.8326613594437318,0.2495151014730859,1,variance,5,Fold4
2,rf_lag123_caret_cv,0.6620023210328995,0.8219222317711518,0.24348718249220297,2,variance,5,Fold4
2,rf_lag123_caret_cv,0.6682641001222052,0.8177744675587637,0.24381727411652937,3,variance,5,Fold4
2,rf_lag123_caret_cv,0.6966068486734608,0.8068869075156903,0.28075971980312214,1,variance,5,Fold5
2,rf_lag123_caret_cv,0.7238562067103268,0.7903620701253593,0.27898886767867404,2,variance,5,Fold5
2,rf_lag123_caret_cv,0.7354821308700956,0.7833508234716412,0.27900482008633515,3,variance,5,Fold5
2,rf_lag123_caret_cv,0.6615198711102164,0.8129222772787468,0.275638195749715,1,variance,5,Fold6
2,rf_lag123_caret_cv,0.6764641708773169,0.8037177464619472,0.2723864012263666,2,variance,5,Fold6
2,rf_lag123_caret_cv,0.689078926191586,0.7962647595993393,0.2745661058940438,3,variance,5,Fold6
2,rf_lag123_caret_cv,0.591501633485455,0.8544585340695781,0.2523627990200503,1,variance,5,Fold7
2,rf_lag123_caret_cv,0.6048023007856862,0.8458917588213821,0.24785767191687957,2,variance,5,Fold7
2,rf_lag123_caret_cv,0.6109037748044635,0.842232416644557,0.2487163718220012,3,variance,5,Fold7
2,rf_lag123_caret_cv,0.53296278439025635,0.8740789025598221,0.2298754995540177,1,variance,5,Fold8
2,rf_lag123_caret_cv,0.5492778245033001,0.8653697973915042,0.2265733833430845,2,variance,5,Fold8
2,rf_lag123_caret_cv,0.5609853861248375,0.8592741977764979,0.22868543483530204,3,variance,5,Fold8
2,rf_lag123_caret_cv,0.5591210537594393,0.86675707567534,0.2378736487471411,1,variance,5,Fold9
2,rf_lag123_caret_cv,0.5677801042732669,0.8615200190469058,0.2322260691421882,2,variance,5,Fold9
2,rf_lag123_caret_cv,0.5729113879606262,0.858621206093554,0.2320848456458742,3,variance,5,Fold9
3,rf_lag123_caret_cv,0.6676806155619942,0.7337951886273778,0.24201336490334177,1,variance,5,Fold1
3,rf_lag123_caret_cv,0.6715380308711939,0.7304821233367084,0.2339333862397527,2,variance,5,Fold1
3,rf_lag123_caret_cv,0.6787690157540446,0.7246771494452664,0.23418645074386277,3,variance,5,Fold1
3,rf_lag123_caret_cv,0.6609861349819945,0.8160433711287505,0.2699595697007457,1,variance,5,Fold10
3,rf_lag123_caret_cv,0.6723018337246025,0.8094732806824558,0.2676614845643832,2,variance,5,Fold10
3,rf_lag123_caret_cv,0.678729267951911,0.8058413392521454,0.2691633528163091,3,variance,5,Fold10
3,rf_lag123_caret_cv,0.6613596901377272,0.7668631624009474,0.25159436541247926,1,variance,5,Fold2
3,rf_lag123_caret_cv,0.6778152063738582,0.7527831541845781,0.2454864358570897,2,variance,5,Fold2
3,rf_lag123_caret_cv,0.6864451050472342,0.7458693115199124,0.24558775139916333,3,variance,5,Fold2
3,rf_lag123_caret_cv,0.6776259993825909,0.7647624156768746,0.26034263867914825,1,variance,5,Fold3
3,rf_lag123_caret_cv,0.693763179145113,0.7502501409366901,0.2551414301955522,2,variance,5,Fold3
3,rf_lag123_caret_cv,0.7023982154041453,0.7433648957345349,0.2537696921442444,3,variance,5,Fold3
3,rf_lag123_caret_cv,0.668261919111402,0.8228020615171459,0.2598530459958147,1,variance,5,Fold4
3,rf_lag123_caret_cv,0.6732828035384372,0.8171394075108762,0.252249769315876,2,variance,5,Fold4
3,rf_lag123_caret_cv,0.6766461277496593,0.8143655060100173,0.25177865624142026,3,variance,5,Fold4
3,rf_lag123_caret_cv,0.6927649769506857,0.8081792329208732,0.2836694355655269,1,variance,5,Fold5
3,rf_lag123_caret_cv,0.7130711436603525,0.796017051846266,0.27967313525646775,2,variance,5,Fold5
3,rf_lag123_caret_cv,0.7297170828130481,0.78623025652681,0.28212903229128,3,variance,5,Fold5
3,rf_lag123_caret_cv,0.6736732031197339,0.8060641781727219,0.2888539060936275,1,variance,5,Fold6
3,rf_lag123_caret_cv,0.6868354052505248,0.7977428085976899,0.2830517808941595,2,variance,5,Fold6
3,rf_lag123_caret_cv,0.6935218535604525,0.7936579021537022,0.2823316204757375,3,variance,5,Fold6
3,rf_lag123_caret_cv,0.6078044359556195,0.8467328844630226,0.2644137127652555,1,variance,5,Fold7
3,rf_lag123_caret_cv,0.6306506319413415,0.8327365639759854,0.26334258927288806,2,variance,5,Fold7
3,rf_lag123_caret_cv,0.642946283413751,0.825063146142924,0.26395752345158513,3,variance,5,Fold7
3,rf_lag123_caret_cv,0.5579124447834622,0.8624932061468453,0.23949536272466188,1,variance,5,Fold8
3,rf_lag123_caret_cv,0.5683626250363845,0.8563027750124086,0.23502227512277615,2,variance,5,Fold8
3,rf_lag123_caret_cv,0.5758040735766446,0.8522344997954395,0.23588149546138898,3,variance,5,Fold8
3,rf_lag123_caret_cv,0.5637713031286274,0.8653679992347563,0.24503411863930274,1,variance,5,Fold9
3,rf_lag123_caret_cv,0.5700842744184944,0.8610836308531383,0.23723016502596664,2,variance,5,Fold9
3,rf_lag123_caret_cv,0.5792613848513664,0.8561522208918382,0.23717650829414233,3,variance,5,Fold9
4,rf_lag123_caret_cv,0.7097402313103414,0.6989500028215878,0.2573651519000018,1,variance,5,Fold1
4,rf_lag123_caret_cv,0.7139937300132673,0.6955491454009098,0.24895043189335567,2,variance,5,Fold1
4,rf_lag123_caret_cv,0.7227214474912665,0.6883745869686175,0.2499797855760548,3,variance,5,Fold1
4,rf_lag123_caret_cv,0.6585704762823829,0.817544826821484,0.2720206938673734,1,variance,5,Fold10
4,rf_lag123_caret_cv,0.658819139957898,0.8171496413453709,0.2651396680297143,2,variance,5,Fold10
4,rf_lag123_caret_cv,0.6667655193619947,0.8126050665876765,0.26564842286140045,3,variance,5,Fold10
4,rf_lag123_caret_cv,0.6562454623628502,0.7720161781087743,0.25263605814469314,1,variance,5,Fold2
4,rf_lag123_caret_cv,0.6716295457410643,0.75816236707908,0.24501370074834763,2,variance,5,Fold2
4,rf_lag123_caret_cv,0.6783696690343106,0.7524672005740598,0.24482093783752393,3,variance,5,Fold2
4,rf_lag123_caret_cv,0.6927839451410431,0.7559770050945525,0.26441723482294555,1,variance,5,Fold3
4,rf_lag123_caret_cv,0.6994272644822129,0.7481017982748884,0.2557039522473635,2,variance,5,Fold3
4,rf_lag123_caret_cv,0.7096647077783751,0.7395175142210554,0.25653930658503604,3,variance,5,Fold3
4,rf_lag123_caret_cv,0.6940586552361818,0.8100648678983479,0.26767952272511175,1,variance,5,Fold4
4,rf_lag123_caret_cv,0.6956405076301738,0.8062502325140465,0.2594221493228689,2,variance,5,Fold4
4,rf_lag123_caret_cv,0.6955419824069317,0.8048989551892782,0.2581298249254446,3,variance,5,Fold4
4,rf_lag123_caret_cv,0.7128985201646013,0.797334925830664,0.2952565079849069,1,variance,5,Fold5
4,rf_lag123_caret_cv,0.7235806700155168,0.7903525496643435,0.2876727788001712,2,variance,5,Fold5
4,rf_lag123_caret_cv,0.7251565821286591,0.7893412901651772,0.28554940100102444,3,variance,5,Fold5
4,rf_lag123_caret_cv,0.6761760799250762,0.8045434746387954,0.29237252861970503,1,variance,5,Fold6
4,rf_lag123_caret_cv,0.6820947863605452,0.800473263898751,0.2859863871264565,2,variance,5,Fold6
4,rf_lag123_caret_cv,0.6890129163268254,0.796318724698003,0.2855312855588222,3,variance,5,Fold6
4,rf_lag123_caret_cv,0.6125426055517207,0.8455716060086146,0.26574963780061067,1,variance,5,Fold7
4,rf_lag123_caret_cv,0.6299721260831901,0.8340235701729981,0.2605185629868056,2,variance,5,Fold7
4,rf_lag123_caret_cv,0.6434847369310122,0.8255317663953308,0.2615005679335601,3,variance,5,Fold7
4,rf_lag123_caret_cv,0.556974086027909,0.8634123311850765,0.24560933072537527,1,variance,5,Fold8
4,rf_lag123_caret_cv,0.5638645262042339,0.8586577112981504,0.23446627402599643,2,variance,5,Fold8
4,rf_lag123_caret_cv,0.5669110785724232,0.8569110548869938,0.2328194400763799,3,variance,5,Fold8
4,rf_lag123_caret_cv,0.6015398606818979,0.8471124612280958,0.26143330091434025,1,variance,5,Fold9
4,rf_lag123_caret_cv,0.6221024690796826,0.8348840057698643,0.25763848361688974,2,variance,5,Fold9
4,rf_lag123_caret_cv,0.635733769177173,0.8269102308820651,0.25867710177345027,3,variance,5,Fold9
5,rf_lag123_caret_cv,0.74151124110652,0.6715150090075956,0.2679218655618042,1,variance,5,Fold1
5,rf_lag123_caret_cv,0.749460839242242,0.6652880947008386,0.26101390295456406,2,variance,5,Fold1
5,rf_lag123_caret_cv,0.7585627384028307,0.6578281406171221,0.2610556615355106,3,variance,5,Fold1
5,rf_lag123_caret_cv,0.6738923784255345,0.808862014324306,0.27734160661140106,1,variance,5,Fold10
5,rf_lag123_caret_cv,0.6866770681140212,0.8012432958790285,0.273201427289227,2,variance,5,Fold10
5,rf_lag123_caret_cv,0.6929162452780137,0.7976172317412131,0.27419860864019235,3,variance,5,Fold10
5,rf_lag123_caret_cv,0.6763825179806598,0.7550412819534931,0.2628215882578765,1,variance,5,Fold2
5,rf_lag123_caret_cv,0.6972159118040874,0.7376496109423611,0.260065367390032,2,variance,5,Fold2
5,rf_lag123_caret_cv,0.7088542984945416,0.728261522269652,0.26151124559874256,3,variance,5,Fold2
5,rf_lag123_caret_cv,0.7249232702459281,0.7330434876428928,0.277643327310903,1,variance,5,Fold3
5,rf_lag123_caret_cv,0.736496450591299,0.7209362439909442,0.27165739873967926,2,variance,5,Fold3
5,rf_lag123_caret_cv,0.7402781099983465,0.7170726254139602,0.2709644259857281,3,variance,5,Fold3
5,rf_lag123_caret_cv,0.7293415432044008,0.790169764072356,0.27981722552884936,1,variance,5,Fold4
5,rf_lag123_caret_cv,0.7367081023039452,0.781645020679013,0.2713774509039436,2,variance,5,Fold4
5,rf_lag123_caret_cv,0.74043958055203285,0.778436597547205,0.2713690783089961,3,variance,5,Fold4
5,rf_lag123_caret_cv,0.7183828123702134,0.7938405967415484,0.29657524998418955,1,variance,5,Fold5
5,rf_lag123_caret_cv,0.7299203676290636,0.7863623920022912,0.291718981928358,2,variance,5,Fold5
5,rf_lag123_caret_cv,0.7320719305437902,0.7850807556476841,0.29045329896207933,3,variance,5,Fold5
5,rf_lag123_caret_cv,0.694963752387577,0.7930841172493345,0.3021066086568464,1,variance,5,Fold6
5,rf_lag123_caret_cv,0.7112677537890534,0.7830195543745948,0.29926186092466506,2,variance,5,Fold6
5,rf_lag123_caret_cv,0.7216723048454917,0.7767548520248804,0.29923583530379627,3,variance,5,Fold6
5,rf_lag123_caret_cv,0.6228145608977094,0.8385819590550767,0.2743782325855279,1,variance,5,Fold7
5,rf_lag123_caret_cv,0.641559557372191,0.8263237161793496,0.2719187626854847,2,variance,5,Fold7
5,rf_lag123_caret_cv,0.6493836294536292,0.8213302371542281,0.2717610286106865,3,variance,5,Fold7
5,rf_lag123_caret_cv,0.5647158747014663,0.8601224532342042,0.25180040972303386,1,variance,5,Fold8
5,rf_lag123_caret_cv,0.578903972593936,0.8511167540860217,0.24628200157497976,2,variance,5,Fold8
5,rf_lag123_caret_cv,0.5893465336347488,0.8452674826724594,0.2475997366415324,3,variance,5,Fold8
5,rf_lag123_caret_cv,0.6033412409406814,0.8458842149660588,0.26442993954068456,1,variance,5,Fold9
5,rf_lag123_caret_cv,0.61671251685336,0.8371156030195812,0.2611889545972688,2,variance,5,Fold9
5,rf_lag123_caret_cv,0.6273211501574124,0.8307961453307097,0.2616650126735235,3,variance,5,Fold9
6,rf_lag123_caret_cv,0.7619131390073085,0.653258153765499,0.2746301155486799,1,variance,5,Fold1
6,rf_lag123_caret_cv,0.7693975034547231,0.6469848667671588,0.26833179459713047,2,variance,5,Fold1
6,rf_lag123_caret_cv,0.7771584225779806,0.6402931986031468,0.269242083842258,3,variance,5,Fold1
6,rf_lag123_caret_cv,0.6664705007842181,0.8133078819346292,0.28386022664594246,1,variance,5,Fold10
6,rf_lag123_caret_cv,0.6775194983529254,0.8066152048391234,0.2812835931042074,2,variance,5,Fold10
6,rf_lag123_caret_cv,0.687571577827376,0.8007584578706047,0.28348507584803295,3,variance,5,Fold10
6,rf_lag123_caret_cv,0.6672540060893413,0.7612989685485965,0.25775288921104744,1,variance,5,Fold2
6,rf_lag123_caret_cv,0.687755001944498,0.7444628775023486,0.2547456666163798,2,variance,5,Fold2
6,rf_lag123_caret_cv,0.6979656132370492,0.736432597558931,0.2561213365888846,3,variance,5,Fold2
6,rf_lag123_caret_cv,0.7457925417288733,0.7179560327034856,0.2810957969069952,1,variance,5,Fold3
6,rf_lag123_caret_cv,0.7659357700956414,0.6982861288291791,0.2783094589769757,2,variance,5,Fold3
6,rf_lag123_caret_cv,0.7797649695137069,0.6850717884849417,0.28056352521417577,3,variance,5,Fold3
6,rf_lag123_caret_cv,0.7566261768967117,0.7787925026172019,0.28620492899691785,1,variance,5,Fold4
6,rf_lag123_caret_cv,0.7677851275334499,0.7671206308683113,0.2798639550263762,2,variance,5,Fold4
6,rf_lag123_caret_cv,0.7768875621687503,0.7596041952787432,0.28118417736447054,3,variance,5,Fold4
6,rf_lag123_caret_cv,0.7349468372826627,0.7844215908799748,0.3031630692678091,1,variance,5,Fold5
6,rf_lag123_caret_cv,0.7493854283521388,0.7750093496843783,0.2983555175114648,2,variance,5,Fold5
6,rf_lag123_caret_cv,0.7528906291841923,0.7727696236662156,0.2967952645583311,3,variance,5,Fold5
6,rf_lag123_caret_cv,0.7003662363853842,0.7901222988102099,0.30800163987259604,1,variance,5,Fold6
6,rf_lag123_caret_cv,0.7235277777358967,0.7754163740447236,0.3087952666881757,2,variance,5,Fold6
6,rf_lag123_caret_cv,0.7310356270681582,0.7707840542037537,0.3087127458220522,3,variance,5,Fold6
6,rf_lag123_caret_cv,0.6374416962661941,0.8312931922499116,0.2818928156234188,1,variance,5,Fold7
6,rf_lag123_caret_cv,0.6597654075043726,0.8167860778330581,0.2794636124799399,2,variance,5,Fold7
6,rf_lag123_caret_cv,0.6717970941818893,0.8089988954415929,0.28166331468204564,3,variance,5,Fold7
6,rf_lag123_caret_cv,0.5597817217580315,0.86278865184670706,0.24955739930761217,1,variance,5,Fold8
6,rf_lag123_caret_cv,0.5781587078955684,0.8517767791167988,0.24594846094015627,2,variance,5,Fold8
6,rf_lag123_caret_cv,0.5898239908574114,0.8450644681869298,0.24883377518079028,3,variance,5,Fold8
6,rf_lag123_caret_cv,0.6003428210238977,0.8482531002293627,0.26205906055968164,1,variance,5,Fold9
6,rf_lag123_caret_cv,0.6179166962144994,0.8373456081695362,0.2582413237143074,2,variance,5,Fold9
6,rf_lag123_caret_cv,0.6287677288816881,0.8309758273610284,0.25944511335037995,3,variance,5,Fold9
7,rf_lag123_caret_cv,0.7747853516890292,0.6416258583807536,0.27649923162526574,1,variance,5,Fold1
7,rf_lag123_caret_cv,0.786379483106851,0.6317590558928371,0.2716126695442615,2,variance,5,Fold1
7,rf_lag123_caret_cv,0.792102886645092,0.6269342786081143,0.27060759054941114,3,variance,5,Fold1
7,rf_lag123_caret_cv,0.6489669282596634,0.823747894265195,0.280846070319194,1,variance,5,Fold10
7,rf_lag123_caret_cv,0.665141433408848,0.8138697631910153,0.27679536953150813,2,variance,5,Fold10
7,rf_lag123_caret_cv,0.6710291921391119,0.810389042565253,0.27749233354232095,3,variance,5,Fold10
7,rf_lag123_caret_cv,0.6841526692069673,0.7486614970897432,0.2668412653667589,1,variance,5,Fold2
7,rf_lag123_caret_cv,0.6986261331445124,0.7364686141524099,0.26249834359190416,2,variance,5,Fold2
7,rf_lag123_caret_cv,0.7067625905770827,0.7300081399593605,0.2642337260125467,3,variance,5,Fold2
7,rf_lag123_caret_cv,0.6757413647726918,0.7701402198711765,0.271275305249482,1,variance,5,Fold3
7,rf_lag123_caret_cv,0.6824880543370911,0.7625154094612183,0.26343561302018115,2,variance,5,Fold3
7,rf_lag123_caret_cv,0.6898079938976305,0.7555971724845995,0.26486827016424,3,variance,5,Fold3
7,rf_lag123_caret_cv,0.7759024587676979,0.7655305031340367,0.29909445706222126,1,variance,5,Fold4
7,rf_lag123_caret_cv,0.7857561812031212,0.7557794278343525,0.2935593039363079,2,variance,5,Fold4
7,rf_lag123_caret_cv,0.7874268876940301,0.7538299458650428,0.2920476753305515,3,variance,5,Fold4
7,rf_lag123_caret_cv,0.7354820852258505,0.7852694303158976,0.3043635645728067,1,variance,5,Fold5
7,rf_lag123_caret_cv,0.7340507332743152,0.7849840836990659,0.29491088188190767,2,variance,5,Fold5
7,rf_lag123_caret_cv,0.7301817035635153,0.7869707009149438,0.2928476807994898,3,variance,5,Fold5
7,rf_lag123_caret_cv,0.7060550016785664,0.7863750289037019,0.30950362042925,1,variance,5,Fold6
7,rf_lag123_caret_cv,0.7253628553841497,0.7742740221458208,0.30672044631489137,2,variance,5,Fold6
7,rf_lag123_caret_cv,0.7358107393465895,0.767864030717011,0.30831257778039106,3,variance,5,Fold6
7,rf_lag123_caret_cv,0.6583818149641674,0.8192811630840171,0.2953850577950069,1,variance,5,Fold7
7,rf_lag123_caret_cv,0.6776839107330251,0.8061260481034606,0.2945949189116689,2,variance,5,Fold7
7,rf_lag123_caret_cv,0.6868156297568283,0.8000460786485986,0.29552322920998686,3,variance,5,Fold7
7,rf_lag123_caret_cv,0.5635531922133507,0.860244866847394,0.25655137039328546,1,variance,5,Fold8
7,rf_lag123_caret_cv,0.5871274103245888,0.8466114136367829,0.2544729431282489,2,variance,5,Fold8
7,rf_lag123_caret_cv,0.5993139356089302,0.8397101495275636,0.2564282444254983,3,variance,5,Fold8
7,rf_lag123_caret_cv,0.5986881483504879,0.850753020786039,0.26640154666432136,1,variance,5,Fold9
7,rf_lag123_caret_cv,0.61058284118731,0.8426999751906985,0.2610647067958948,2,variance,5,Fold9
7,rf_lag123_caret_cv,0.6262677194396117,0.8335077885104143,0.26335405666749123,3,variance,5,Fold9
